func,mean,std,min,max
displayFrame,75779.53333333334,35970.00508402291,64950,246621
exec_async,114215.36666666667,11464.562525328869,68248,121872
post_process,2270.8,385.26239352473374,1928,4734
pre_process,16.516666666666666,8.403977401099558,11,52
readFrame,15682.55,6112.375621901877,1520,27542
setInputPointer,16702.65,4484.092496759129,13120,37769
wait,0.38333333333333336,0.5237306419436755,0,2
