func,mean,std,min,max
displayFrame,3425.903791737408,9805.803526334848,28,232816
exec_async,124114.38531073446,5590.344450961374,67826,207892
post_process,2061.7536723163844,93.64491767042246,1871,4003
pre_process,0.0,0.0,0,0
readFrame,2137.2790960451975,3800.588624498351,356,27390
setInputPointer,9927.608474576271,2851.7891477012804,6304,30089
wait,0.5372881355932203,0.5804614950455821,0,13
