func,mean,std,min,max
displayFrame,4129.57037037037,2758.844599604947,2469,25378
exec_async,67931.97037037037,111.58106331862243,67711,68626
post_process,2022.8037037037036,191.16127794868672,1840,4919
pre_process,0.0,0.0,0,0
readFrame,762.8074074074074,442.1991258012893,346,4762
setInputPointer,8073.722222222223,1436.9640758440767,5859,15536
wait,0.3851851851851852,0.4875427375823543,0,1
